<?xml version="1.0" encoding="UTF-8"?>
<metadata xmlns="http://www.demandware.com/xml/impex/metadata/2006-10-31">
	<custom-type type-id="katapult_transactions">
        <display-name xml:lang="x-default">Katapult Transaction</display-name>
        <staging-mode>no-staging</staging-mode>
        <storage-scope>site</storage-scope>
        <key-definition attribute-id="basketUUID">
            <type>string</type>
            <min-length>0</min-length>
        </key-definition>
        <attribute-definitions>
            <attribute-definition attribute-id="KAT_customer_id">
                <display-name xml:lang="x-default">KAT_customer_id</display-name>
                <type>string</type>
                <localizable-flag>false</localizable-flag>
                <mandatory-flag>false</mandatory-flag>
                <externally-managed-flag>false</externally-managed-flag>
                <min-length>0</min-length>
            </attribute-definition>
            <attribute-definition attribute-id="KAT_uid">
                <display-name xml:lang="x-default">KAT_uid</display-name>
                <type>string</type>
                <localizable-flag>false</localizable-flag>
                <mandatory-flag>false</mandatory-flag>
                <externally-managed-flag>false</externally-managed-flag>
                <min-length>0</min-length>
            </attribute-definition>
            <attribute-definition attribute-id="KAT_zibby_id">
                <display-name xml:lang="x-default">KAT_zibby_id</display-name>
                <type>string</type>
                <localizable-flag>false</localizable-flag>
                <mandatory-flag>false</mandatory-flag>
                <externally-managed-flag>false</externally-managed-flag>
                <min-length>0</min-length>
            </attribute-definition>
        </attribute-definitions>
        <group-definitions>
            <attribute-group group-id="katapult">
                <display-name xml:lang="x-default">katapult</display-name>
                <attribute attribute-id="basketUUID"/>
                <attribute attribute-id="KAT_uid"/>
                <attribute attribute-id="KAT_zibby_id"/>
                <attribute attribute-id="KAT_customer_id"/>
                <attribute attribute-id="creationDate" system="true"/>
                <attribute attribute-id="lastModified" system="true"/>
            </attribute-group>
        </group-definitions>
    </custom-type>

</metadata>
